<?xml version="1.0" encoding="UTF-8"?>
<urn:PluginConfiguration isInheritExtendedContractAttributes="false" name="P1MFACIBA" xmlns:urn="urn:sourceid.org:saml2:adapter:conf">
    <urn:Fields>
        <urn:Field name="PingOne Environment">gHZoJVXyaCwLDGCl6zqmbz|14ff3f55-382f-4773-986a-bd96c66cf57b</urn:Field>
        <urn:Field name="Application Client ID">52093bd2-fe21-4355-8840-fdcaf66f7df8</urn:Field>
        <urn:Field name="Application Client Secret">eyJhbGciOiJkaXIiLCJlbmMiOiJBMTI4Q0JDLUhTMjU2Iiwia2lkIjoiQkY1M2tHSEZ2NiIsInZlcnNpb24iOiIxMC4yLjEuMSJ9..WEfg-sfIAmN1_uGZjVpT5A.BowP2pKmZtUUe-WHAETQ-YNJS5g8DoFBfh8XW5wbZnTi63PJvdUzaVeXLTjByg0dp0e1iBleCZUTAJgRqnQXmhV-F7UW9xjee_8pGIUIQY8.QUHSAooYDeKkYweO_eVaQQ</urn:Field>
        <urn:Field name="PingOne Authentication Policy">Authenticator</urn:Field>
        <urn:Field name="Test Username">josh.arnold</urn:Field>
        <urn:Field name="PingOne Template Name">transaction</urn:Field>
        <urn:Field name="PingOne Template Variant"/>
        <urn:Field name="Client Context">#*
Define additional key/value pairs to be received at the mobile application.
The following variables are available by default:

$oobAuthRequestContext - Context for the out-of-band authentication/authorization request
$languagePackMessages - The language-pack file configured for this authenticator
$subject - The user's PingOne username or user ID.
$JSONValue - A JSON utility class that can be used to escape text and convert objects to JSON.
   Methods:
       escape(String s) - Escape quotes, \, /, \r, \n, \b, \f, \t and other control characters (U+0000 through U+001F).
       toJSONString(Object value) - Convert an object to JSON text.

Additionally, any Extended Contract attributes are also available using the $name syntax.

Example:

{
   "requestingApplicationName": "$JSONValue.escape($oobAuthRequestContext.requestingApplication.name)",
   "requestedScope": $JSONValue.toJSONString($oobAuthRequestContext.requestedScope.values()),
   "amount": "$JSONValue.escape($amount)",
   "alert.color": "red"
}
*#</urn:Field>
        <urn:Field name="Messages Files">pingone-mfa-messages</urn:Field>
        <urn:Field name="API Request Timeout">5000</urn:Field>
        <urn:Field name="Proxy Settings">System Defaults</urn:Field>
        <urn:Field name="Custom Proxy Host"/>
        <urn:Field name="Custom Proxy Port"/>
    </urn:Fields>
    <urn:AdvancedFields>
        <urn:Field name="Test Username">josh.arnold</urn:Field>
        <urn:Field name="PingOne Template Name">transaction</urn:Field>
        <urn:Field name="PingOne Template Variant"/>
        <urn:Field name="Client Context">#*
Define additional key/value pairs to be received at the mobile application.
The following variables are available by default:

$oobAuthRequestContext - Context for the out-of-band authentication/authorization request
$languagePackMessages - The language-pack file configured for this authenticator
$subject - The user's PingOne username or user ID.
$JSONValue - A JSON utility class that can be used to escape text and convert objects to JSON.
   Methods:
       escape(String s) - Escape quotes, \, /, \r, \n, \b, \f, \t and other control characters (U+0000 through U+001F).
       toJSONString(Object value) - Convert an object to JSON text.

Additionally, any Extended Contract attributes are also available using the $name syntax.

Example:

{
   "requestingApplicationName": "$JSONValue.escape($oobAuthRequestContext.requestingApplication.name)",
   "requestedScope": $JSONValue.toJSONString($oobAuthRequestContext.requestedScope.values()),
   "amount": "$JSONValue.escape($amount)",
   "alert.color": "red"
}
*#</urn:Field>
        <urn:Field name="Messages Files">pingone-mfa-messages</urn:Field>
        <urn:Field name="API Request Timeout">5000</urn:Field>
        <urn:Field name="Proxy Settings">System Defaults</urn:Field>
        <urn:Field name="Custom Proxy Host"/>
        <urn:Field name="Custom Proxy Port"/>
    </urn:AdvancedFields>
    <urn:Tables>
        <urn:Table name="PingOne Template Variables"/>
    </urn:Tables>
    <urn:ExtendedContractAttributes/>
</urn:PluginConfiguration>