<?xml version="1.0" encoding="UTF-8"?>
<urn:CibaServerPolicy defaultRequestHandlingPolicyId="HelpDeskIVR" xmlns:urn="urn:pingidentity.com:pf:openid:ciba">
    <urn:CibaRequestHandlingPolicy id="HelpDeskIVR" name="HelpDeskIVR" pluginId="P1MFACIBA" transactionLifeInSeconds="120" allowUnsignedLoginHintToken="false" requireHintToken="false" userCodePcvId="">
        <urn:EnhanceRequestHintContractMapping>
            <urn1:AttributeMap Name="IDENTITY_HINT_SUBJECT" Type="LDAP" AttributeSourceId="PD" Value="uid" xmlns:urn1="urn:sourceid.org:saml2:metadata-extension:v2"/>
            <urn1:AttributeSource Id="PD" Description="PD" Type="LDAP" DataSourceId="LDAP-32A58D38825BD55B8A02B538320BC854E3776519" xmlns:urn1="urn:sourceid.org:saml2:metadata-extension:v2">
                <urn1:Parameter Name="filter" Value="mobile=${IDENTITY_HINT_SUBJECT}"/>
                <urn1:Parameter Name="search_base" Value="dc=example,dc=com"/>
                <urn1:Parameter Name="search_scope" Value="SUBTREE_SCOPE"/>
                <urn1:Parameter Name="memberof_nested_group" Value="false"/>
            </urn1:AttributeSource>
            <urn1:TokenAuthorizationIssuanceCriteria xmlns:urn1="urn:sourceid.org:saml2:metadata-extension:v2"/>
        </urn:EnhanceRequestHintContractMapping>
        <urn:HintContractToOOBAuthPluginMapping>
            <urn1:AttributeMap Name="subject" Type="Request" Value="IDENTITY_HINT_SUBJECT" xmlns:urn1="urn:sourceid.org:saml2:metadata-extension:v2"/>
            <urn1:AttributeMap Name="USER_KEY" Type="Request" Value="IDENTITY_HINT_SUBJECT" xmlns:urn1="urn:sourceid.org:saml2:metadata-extension:v2"/>
            <urn1:TokenAuthorizationIssuanceCriteria xmlns:urn1="urn:sourceid.org:saml2:metadata-extension:v2"/>
        </urn:HintContractToOOBAuthPluginMapping>
    </urn:CibaRequestHandlingPolicy>
</urn:CibaServerPolicy>